{"cameraMode":{"drawMode":0,"name":"Shaded","section":"Shading Mode"},"sceneLighting":false,"audioPlay":false,"sceneViewState":{"m_AlwaysRefresh":false,"showFog":true,"showSkybox":false,"showFlares":true,"showImageEffects":true,"showParticleSystems":true,"showVisualEffectGraphs":true,"m_FxEnabled":true},"in2DMode":false,"pivot":{"x":66.36029052734375,"y":0.3902883529663086,"z":0.7276889085769653},"rotation":{"x":0.1671675443649292,"y":0.02425859309732914,"z":-0.004062865860760212,"w":0.9856706261634827},"size":1.934917688369751,"orthographic":false}