{"cameraMode":{"drawMode":0,"name":"Shaded","section":"Shading Mode"},"sceneLighting":true,"audioPlay":false,"sceneViewState":{"m_AlwaysRefresh":false,"showFog":true,"showSkybox":true,"showFlares":true,"showImageEffects":true,"showParticleSystems":true,"showVisualEffectGraphs":true,"m_FxEnabled":true},"in2DMode":false,"pivot":{"x":4.807427883148193,"y":2.0186030864715578,"z":3.627527952194214},"rotation":{"x":0.06861754506826401,"y":-0.5017073154449463,"z":0.039983756840229037,"w":0.8614012002944946},"size":2.7775580883026125,"orthographic":false}