{"cameraMode":{"drawMode":0,"name":"Shaded","section":"Shading Mode"},"sceneLighting":true,"audioPlay":false,"sceneViewState":{"m_AlwaysRefresh":false,"showFog":true,"showSkybox":true,"showFlares":true,"showImageEffects":true,"showParticleSystems":true,"showVisualEffectGraphs":true,"m_FxEnabled":true},"in2DMode":false,"pivot":{"x":6.5715436935424809,"y":16.12038803100586,"z":-9.740503311157227},"rotation":{"x":0.10611147433519364,"y":-0.059028904885053638,"z":0.006358354352414608,"w":0.9926303625106812},"size":19.32160186767578,"orthographic":false}